year,destination_office,origin,indicator,Total Filings
2004,Algeria,World,PA3,322
2004,Armenia,World,PA3,133
2004,Australia,World,PA3,96673
2004,Austria,World,PA3,10500
2004,Barbados,World,PA3,42
2004,Belarus,World,PA3,3112
2004,Bosnia and Herzegovina,World,PA3,76
2004,Bulgaria,World,PA3,2018
2004,Canada,World,PA3,137634
2004,"China, Hong Kong SAR",World,PA3,118141
2004,"China, Macao SAR",World,PA3,9
2004,Croatia,World,PA3,1076
2004,Cuba,World,PA3,110
2004,Cyprus,World,PA3,2257
2004,Czech Republic,World,PA3,9807
2004,Denmark,World,PA3,58498
2004,Ecuador,World,PA3,44
2004,Egypt,World,PA3,1119
2004,Estonia,World,PA3,1200
2004,Finland,World,PA3,37408
2004,France,World,PA3,388379
2004,Georgia,World,PA3,950
2004,Germany,World,PA3,411671
2004,Greece,World,PA3,31254
2004,Hungary,World,PA3,9513
2004,Iceland,World,PA3,306
2004,India,World,PA3,6857
2004,Japan,World,PA3,1104640
2004,Kazakhstan,World,PA3,343
2004,Kyrgyzstan,World,PA3,343
2004,Latvia,World,PA3,3353
2004,Madagascar,World,PA3,217
2004,Malta,World,PA3,1254
2004,Mexico,World,PA3,38372
2004,Monaco,World,PA3,33019
2004,Mongolia,World,PA3,498
2004,Netherlands (Kingdom of the),World,PA3,14078
2004,New Zealand,World,PA3,34524
2004,North Macedonia,World,PA3,417
2004,Peru,World,PA3,2296
2004,Poland,World,PA3,13828
2004,Portugal,World,PA3,36793
2004,Republic of Korea,World,PA3,331437
2004,Republic of Moldova,World,PA3,1019
2004,Russian Federation,World,PA3,108721
2004,Singapore,World,PA3,39507
2004,Slovakia,World,PA3,3776
2004,Slovenia,World,PA3,6281
2004,Spain,World,PA3,77711
2004,Sweden,World,PA3,102785
2004,Switzerland,World,PA3,97695
2004,Tajikistan,World,PA3,287
2004,Ukraine,World,PA3,41805
2004,United Kingdom,World,PA3,401483
2004,United States of America,World,PA3,1633355
2004,Uruguay,World,PA3,522
2004,Uzbekistan,World,PA3,985
2004,Zambia,World,PA3,2458
2004,Zimbabwe,World,PA3,155
2005,Algeria,World,PA3,498
2005,Armenia,World,PA3,110
2005,Australia,World,PA3,96403
2005,Austria,World,PA3,95618
2005,Barbados,World,PA3,49
2005,Bosnia and Herzegovina,World,PA3,120
2005,Brazil,World,PA3,32571
2005,Bulgaria,World,PA3,2203
2005,Canada,World,PA3,125110
2005,China,World,PA3,182396
2005,"China, Macao SAR",World,PA3,28
2005,Croatia,World,PA3,1094
2005,Cuba,World,PA3,653
2005,Czech Republic,World,PA3,10165
2005,Denmark,World,PA3,56978
2005,Ecuador,World,PA3,38
2005,Estonia,World,PA3,1395
2005,European Patent Office,World,PA3,244361
2005,Finland,World,PA3,39450
2005,France,World,PA3,343568
2005,Georgia,World,PA3,1040
2005,Germany,World,PA3,434663
2005,Guatemala,World,PA3,1030
2005,Hungary,World,PA3,9125
2005,Iceland,World,PA3,349
2005,India,World,PA3,16419
2005,Jamaica,World,PA3,527
2005,Japan,World,PA3,1123055
2005,Latvia,World,PA3,4012
2005,Lithuania,World,PA3,3835
2005,Luxembourg,World,PA3,513
2005,Madagascar,World,PA3,249
2005,Mexico,World,PA3,48374
2005,Monaco,World,PA3,37483
2005,Mongolia,World,PA3,13663
2005,Netherlands (Kingdom of the),World,PA3,135215
2005,New Zealand,World,PA3,34182
2005,Peru,World,PA3,2252
2005,Poland,World,PA3,14578
2005,Portugal,World,PA3,35871
2005,Republic of Korea,World,PA3,420906
2005,Republic of Moldova,World,PA3,1108
2005,Romania,World,PA3,8627
2005,Russian Federation,World,PA3,123089
2005,Singapore,World,PA3,43024
2005,Slovakia,World,PA3,4033
2005,Slovenia,World,PA3,5201
2005,Spain,World,PA3,39297
2005,Sweden,World,PA3,102741
2005,Switzerland,World,PA3,99531
2005,Ukraine,World,PA3,37336
2005,United States of America,World,PA3,1683968
2005,Uzbekistan,World,PA3,1263
2005,Zambia,World,PA3,2695
2005,Zimbabwe,World,PA3,194
2006,Algeria,World,PA3,669
2006,Armenia,World,PA3,404
2006,Australia,World,PA3,95924
2006,Austria,World,PA3,99746
2006,Barbados,World,PA3,60
2006,Bosnia and Herzegovina,World,PA3,194
2006,Brazil,World,PA3,31221
2006,Bulgaria,World,PA3,3441
2006,Canada,World,PA3,115639
2006,"China, Hong Kong SAR",World,PA3,141766
2006,"China, Macao SAR",World,PA3,82
2006,Croatia,World,PA3,1163
2006,Czech Republic,World,PA3,10298
2006,Denmark,World,PA3,56056
2006,Estonia,World,PA3,2070
2006,European Patent Office,World,PA3,268384
2006,Finland,World,PA3,43345
2006,France,World,PA3,377761
2006,Georgia,World,PA3,2606
2006,Germany,World,PA3,460658
2006,Greece,World,PA3,33732
2006,Hungary,World,PA3,8408
2006,Iceland,World,PA3,506
2006,India,World,PA3,17066
2006,Israel,World,PA3,6941
2006,Japan,World,PA3,1146871
2006,Kenya,World,PA3,120
2006,Latvia,World,PA3,4168
2006,Lithuania,World,PA3,3427
2006,Luxembourg,World,PA3,386
2006,Madagascar,World,PA3,255
2006,Malta,World,PA3,2357
2006,Mexico,World,PA3,54722
2006,Monaco,World,PA3,46272
2006,Mongolia,World,PA3,778
2006,Netherlands (Kingdom of the),World,PA3,139303
2006,New Zealand,World,PA3,34291
2006,Peru,World,PA3,2167
2006,Portugal,World,PA3,36133
2006,Republic of Korea,World,PA3,465988
2006,Republic of Moldova,World,PA3,1196
2006,Romania,World,PA3,8458
2006,Russian Federation,World,PA3,123882
2006,Singapore,World,PA3,45897
2006,Slovakia,World,PA3,4830
2006,Slovenia,World,PA3,7073
2006,Spain,World,PA3,39822
2006,Sweden,World,PA3,104710
2006,Switzerland,World,PA3,104914
2006,Tajikistan,World,PA3,249
2006,Thailand,World,PA3,8026
2006,Ukraine,World,PA3,32438
2006,United States of America,World,PA3,1774742
2006,Uzbekistan,World,PA3,1371
2006,Zambia,World,PA3,2970
2006,Zimbabwe,World,PA3,222
2007,Algeria,World,PA3,852
2007,Australia,World,PA3,106756
2007,Austria,World,PA3,101820
2007,Barbados,World,PA3,62
2007,Belgium,World,PA3,96761
2007,Brazil,World,PA3,31692
2007,Bulgaria,World,PA3,4023
2007,Canada,World,PA3,122063
2007,Chile,World,PA3,7206
2007,China,World,PA3,271917
2007,"China, Macao SAR",World,PA3,181
2007,Colombia,World,PA3,5500
2007,Croatia,World,PA3,1326
2007,Cuba,World,PA3,146
2007,Cyprus,World,PA3,452
2007,Czech Republic,World,PA3,15997
2007,Denmark,World,PA3,55216
2007,Ecuador,World,PA3,33
2007,Egypt,World,PA3,300
2007,Estonia,World,PA3,2909
2007,Finland,World,PA3,44378
2007,France,World,PA3,390341
2007,Georgia,World,PA3,1733
2007,Germany,World,PA3,492604
2007,Greece,World,PA3,31896
2007,Guatemala,World,PA3,433
2007,Hungary,World,PA3,10306
2007,Iceland,World,PA3,655
2007,India,World,PA3,29688
2007,Ireland,World,PA3,70166
2007,Israel,World,PA3,21217
2007,Japan,World,PA3,1206335
2007,Kyrgyzstan,World,PA3,297
2007,Lithuania,World,PA3,3801
2007,Malta,World,PA3,2260
2007,Mexico,World,PA3,66865
2007,Monaco,World,PA3,45068
2007,Netherlands (Kingdom of the),World,PA3,138513
2007,New Zealand,World,PA3,34004
2007,Norway,World,PA3,17801
2007,Peru,World,PA3,2239
2007,Poland,World,PA3,17251
2007,Portugal,World,PA3,38895
2007,Republic of Korea,World,PA3,566965
2007,Republic of Moldova,World,PA3,1033
2007,Romania,World,PA3,9263
2007,Russian Federation,World,PA3,129910
2007,Serbia,World,PA3,1274
2007,Singapore,World,PA3,48650
2007,Slovakia,World,PA3,7122
2007,Spain,World,PA3,33428
2007,Sweden,World,PA3,105571
2007,Switzerland,World,PA3,107871
2007,Thailand,World,PA3,6742
2007,United States of America,World,PA3,1815531
2007,Uzbekistan,World,PA3,1568
2007,Zambia,World,PA3,3131
2007,Zimbabwe,World,PA3,252
2008,Armenia,World,PA3,350
2008,Australia,World,PA3,107699
2008,Austria,World,PA3,105129
2008,Barbados,World,PA3,60
2008,Belgium,World,PA3,97402
2008,Bosnia and Herzegovina,World,PA3,329
2008,Brazil,World,PA3,34879
2008,Bulgaria,World,PA3,4981
2008,Canada,World,PA3,129347
2008,Chile,World,PA3,7879
2008,China,World,PA3,337215
2008,"China, Macao SAR",World,PA3,296
2008,Croatia,World,PA3,1563
2008,Cuba,World,PA3,92
2008,Cyprus,World,PA3,454
2008,Czech Republic,World,PA3,19746
2008,Denmark,World,PA3,53997
2008,Estonia,World,PA3,3893
2008,Finland,World,PA3,47027
2008,France,World,PA3,439075
2008,Georgia,World,PA3,1020
2008,Germany,World,PA3,509879
2008,Greece,World,PA3,31975
2008,Guatemala,World,PA3,523
2008,Hungary,World,PA3,11462
2008,Iceland,World,PA3,1031
2008,India,World,PA3,30822
2008,Ireland,World,PA3,78816
2008,Israel,World,PA3,19833
2008,Japan,World,PA3,1270367
2008,Kazakhstan,World,PA3,171
2008,Kyrgyzstan,World,PA3,324
2008,Lithuania,World,PA3,4261
2008,Luxembourg,World,PA3,25152
2008,Madagascar,World,PA3,333
2008,Malta,World,PA3,1667
2008,Mexico,World,PA3,73076
2008,Monaco,World,PA3,50392
2008,Netherlands (Kingdom of the),World,PA3,142451
2008,New Zealand,World,PA3,34233
2008,Norway,World,PA3,17808
2008,Panama,World,PA3,41
2008,Papua New Guinea,World,PA3,1
2008,Peru,World,PA3,2370
2008,Poland,World,PA3,21352
2008,Portugal,World,PA3,39507
2008,Republic of Korea,World,PA3,624419
2008,Republic of Moldova,World,PA3,1049
2008,Romania,World,PA3,10264
2008,Russian Federation,World,PA3,147067
2008,Serbia,World,PA3,1277
2008,Singapore,World,PA3,49636
2008,Slovakia,World,PA3,8980
2008,Slovenia,World,PA3,1570
2008,Spain,World,PA3,169315
2008,Sri Lanka,World,PA3,2171
2008,Sweden,World,PA3,106009
2008,Switzerland,World,PA3,121928
2008,Türkiye,World,PA3,17868
2008,Ukraine,World,PA3,26928
2008,United States of America,World,PA3,1872872
2008,Uzbekistan,World,PA3,1675
2008,Zambia,World,PA3,3381
2008,Zimbabwe,World,PA3,274
2009,Armenia,World,PA3,357
2009,Australia,World,PA3,104644
2009,Austria,World,PA3,103742
2009,Barbados,World,PA3,59
2009,Belgium,World,PA3,91515
2009,Brazil,World,PA3,43089
2009,Bulgaria,World,PA3,5919
2009,Canada,World,PA3,134150
2009,Chile,World,PA3,8319
2009,China,World,PA3,438036
2009,"China, Hong Kong SAR",World,PA3,31718
2009,"China, Macao SAR",World,PA3,508
2009,Croatia,World,PA3,1852
2009,Cyprus,World,PA3,266
2009,Czech Republic,World,PA3,21826
2009,Denmark,World,PA3,50243
2009,Egypt,World,PA3,3082
2009,Estonia,World,PA3,4753
2009,Finland,World,PA3,47294
2009,France,World,PA3,436931
2009,Georgia,World,PA3,1043
2009,Germany,World,PA3,519209
2009,Greece,World,PA3,34020
2009,Guatemala,World,PA3,521
2009,Hungary,World,PA3,12749
2009,Iceland,World,PA3,764
2009,India,World,PA3,37334
2009,Ireland,World,PA3,78916
2009,Israel,World,PA3,32565
2009,Japan,World,PA3,1347998
2009,Lithuania,World,PA3,4876
2009,Luxembourg,World,PA3,280
2009,Madagascar,World,PA3,343
2009,Malta,World,PA3,863
2009,Mexico,World,PA3,74550
2009,Monaco,World,PA3,48991
2009,Mongolia,World,PA3,2513
2009,Netherlands (Kingdom of the),World,PA3,136765
2009,New Zealand,World,PA3,34739
2009,Norway,World,PA3,17245
2009,Panama,World,PA3,2613
2009,Peru,World,PA3,2454
2009,Poland,World,PA3,26327
2009,Portugal,World,PA3,39867
2009,Republic of Korea,World,PA3,637197
2009,Republic of Moldova,World,PA3,1139
2009,Romania,World,PA3,11954
2009,Russian Federation,World,PA3,170264
2009,Serbia,World,PA3,1635
2009,Singapore,World,PA3,45420
2009,Slovakia,World,PA3,8951
2009,Slovenia,World,PA3,1542
2009,Spain,World,PA3,167025
2009,Sweden,World,PA3,102363
2009,Switzerland,World,PA3,120178
2009,Tajikistan,World,PA3,245
2009,Türkiye,World,PA3,21199
2009,Ukraine,World,PA3,24654
2009,United States of America,World,PA3,1930631
2009,Uzbekistan,World,PA3,1674
2009,Zambia,World,PA3,3634
2009,Zimbabwe,World,PA3,289
2010,Albania,World,PA3,349
2010,Armenia,World,PA3,278
2010,Australia,World,PA3,96293
2010,Austria,World,PA3,102113
2010,Barbados,World,PA3,57
2010,Belarus,World,PA3,4444
2010,Belgium,World,PA3,89999
2010,Bosnia and Herzegovina,World,PA3,716
2010,Brazil,World,PA3,40022
2010,Bulgaria,World,PA3,6812
2010,Canada,World,PA3,133355
2010,Chile,World,PA3,8121
2010,China,World,PA3,564760
2010,"China, Hong Kong SAR",World,PA3,33225
2010,"China, Macao SAR",World,PA3,815
2010,Costa Rica,World,PA3,239
2010,Croatia,World,PA3,2134
2010,Cyprus,World,PA3,333
2010,Czech Republic,World,PA3,23415
2010,Denmark,World,PA3,47732
2010,Ecuador,World,PA3,199
2010,Egypt,World,PA3,3316
2010,Estonia,World,PA3,5317
2010,Finland,World,PA3,46622
2010,France,World,PA3,435915
2010,Georgia,World,PA3,1044
2010,Germany,World,PA3,514046
2010,Greece,World,PA3,32120
2010,Guatemala,World,PA3,590
2010,Hungary,World,PA3,13853
2010,Iceland,World,PA3,1892
2010,India,World,PA3,47224
2010,Ireland,World,PA3,79040
2010,Israel,World,PA3,26494
2010,Italy,World,PA3,229648
2010,Japan,World,PA3,1423432
2010,Jordan,World,PA3,312
2010,Kazakhstan,World,PA3,581
2010,Kyrgyzstan,World,PA3,112
2010,Latvia,World,PA3,5680
2010,Lithuania,World,PA3,5202
2010,Luxembourg,World,PA3,42805
2010,Madagascar,World,PA3,387
2010,Malaysia,World,PA3,20908
2010,Malta,World,PA3,832
2010,Mexico,World,PA3,82017
2010,Monaco,World,PA3,53859
2010,Mongolia,World,PA3,2645
2010,Montenegro,World,PA3,264
2010,Netherlands (Kingdom of the),World,PA3,135127
2010,New Zealand,World,PA3,34800
2010,Norway,World,PA3,16534
2010,Panama,World,PA3,378
2010,Peru,World,PA3,2435
2010,Philippines,World,PA3,52527
2010,Poland,World,PA3,30021
2010,Portugal,World,PA3,39076
2010,Republic of Korea,World,PA3,640412
2010,Republic of Moldova,World,PA3,1018
2010,Romania,World,PA3,2915
2010,Russian Federation,World,PA3,181904
2010,Saudi Arabia,World,PA3,1910
2010,Serbia,World,PA3,1477
2010,Singapore,World,PA3,43591
2010,Slovakia,World,PA3,10565
2010,Slovenia,World,PA3,1485
2010,Spain,World,PA3,175687
2010,Sweden,World,PA3,96796
2010,Switzerland,World,PA3,123033
2010,Tajikistan,World,PA3,248
2010,Thailand,World,PA3,10201
2010,Türkiye,World,PA3,24969
2010,Ukraine,World,PA3,24622
2010,United Arab Emirates,World,PA3,113
2010,United Kingdom,World,PA3,413177
2010,United States of America,World,PA3,2017318
2010,Uruguay,World,PA3,877
2010,Uzbekistan,World,PA3,1253
2010,Viet Nam,World,PA3,9103
2010,Zambia,World,PA3,3858
2010,Zimbabwe,World,PA3,310
2011,African Intellectual Property Organization,World,PA3,2939
2011,Albania,World,PA3,2357
2011,Algeria,World,PA3,4625
2011,Armenia,World,PA3,285
2011,Australia,World,PA3,105463
2011,Austria,World,PA3,102551
2011,Barbados,World,PA3,61
2011,Belarus,World,PA3,4842
2011,Belgium,World,PA3,90468
2011,Bosnia and Herzegovina,World,PA3,746
2011,Brazil,World,PA3,41453
2011,Bulgaria,World,PA3,7399
2011,Canada,World,PA3,137368
2011,Chile,World,PA3,8644
2011,China,World,PA3,696939
2011,"China, Hong Kong SAR",World,PA3,34560
2011,"China, Macao SAR",World,PA3,979
2011,Colombia,World,PA3,2979
2011,Costa Rica,World,PA3,245
2011,Croatia,World,PA3,2791
2011,Cuba,World,PA3,228
2011,Cyprus,World,PA3,171
2011,Czech Republic,World,PA3,26081
2011,Denmark,World,PA3,47405
2011,Egypt,World,PA3,3187
2011,Estonia,World,PA3,6071
2011,Finland,World,PA3,47122
2011,France,World,PA3,471362
2011,Georgia,World,PA3,1066
2011,Germany,World,PA3,527917
2011,Greece,World,PA3,30475
2011,Guatemala,World,PA3,636
2011,Honduras,World,PA3,965
2011,Hungary,World,PA3,15390
2011,Iceland,World,PA3,2632
2011,India,World,PA3,41361
2011,Ireland,World,PA3,88044
2011,Israel,World,PA3,24338
2011,Italy,World,PA3,241543
2011,Japan,World,PA3,1542096
2011,Jordan,World,PA3,320
2011,Kazakhstan,World,PA3,16016
2011,Latvia,World,PA3,6170
2011,Lithuania,World,PA3,6173
2011,Luxembourg,World,PA3,44708
2011,Madagascar,World,PA3,417
2011,Malaysia,World,PA3,20917
2011,Malta,World,PA3,432
2011,Mexico,World,PA3,89992
2011,Monaco,World,PA3,51007
2011,Montenegro,World,PA3,634
2011,Netherlands (Kingdom of the),World,PA3,138974
2011,New Zealand,World,PA3,35700
2011,Nicaragua,World,PA3,219
2011,Norway,World,PA3,16060
2011,Patent Office of the Cooperation Council for the Arab States of the Gulf,World,PA3,2006
2011,Peru,World,PA3,2489
2011,Philippines,World,PA3,10933
2011,Poland,World,PA3,35612
2011,Portugal,World,PA3,38084
2011,Republic of Korea,World,PA3,678005
2011,Republic of Moldova,World,PA3,799
2011,Romania,World,PA3,14393
2011,Russian Federation,World,PA3,168558
2011,Saudi Arabia,World,PA3,1933
2011,Serbia,World,PA3,1439
2011,Seychelles,World,PA3,12
2011,Singapore,World,PA3,44322
2011,Slovakia,World,PA3,12270
2011,Spain,World,PA3,168659
2011,Sweden,World,PA3,96091
2011,Switzerland,World,PA3,143253
2011,Tajikistan,World,PA3,253
2011,Thailand,World,PA3,10578
2011,Türkiye,World,PA3,30001
2011,Ukraine,World,PA3,24771
2011,United Arab Emirates,World,PA3,200
2011,United Kingdom,World,PA3,428014
2011,United States of America,World,PA3,2113628
2011,Uruguay,World,PA3,863
2011,Uzbekistan,World,PA3,679
2011,Viet Nam,World,PA3,9990
2011,Zambia,World,PA3,4045
2011,Zimbabwe,World,PA3,328
2012,African Intellectual Property Organization,World,PA3,3120
2012,Algeria,World,PA3,6308
2012,Armenia,World,PA3,266
2012,Australia,World,PA3,112176
2012,Austria,World,PA3,111028
2012,Azerbaijan,World,PA3,289
2012,Bahrain,World,PA3,132
2012,Belgium,World,PA3,90463
2012,Bosnia and Herzegovina,World,PA3,734
2012,Brazil,World,PA3,39592
2012,Bulgaria,World,PA3,8486
2012,Canada,World,PA3,144363
2012,Chile,World,PA3,8981
2012,China,World,PA3,875385
2012,"China, Hong Kong SAR",World,PA3,36158
2012,"China, Macao SAR",World,PA3,1107
2012,Colombia,World,PA3,4172
2012,Costa Rica,World,PA3,309
2012,Croatia,World,PA3,3379
2012,Cuba,World,PA3,1417
2012,Cyprus,World,PA3,246
2012,Czech Republic,World,PA3,28864
2012,Denmark,World,PA3,47085
2012,Dominican Republic,World,PA3,201
2012,Egypt,World,PA3,3377
2012,Estonia,World,PA3,6771
2012,Finland,World,PA3,46854
2012,France,World,PA3,490941
2012,Georgia,World,PA3,1501
2012,Germany,World,PA3,549521
2012,Greece,World,PA3,29198
2012,Guatemala,World,PA3,681
2012,Hungary,World,PA3,16699
2012,Iceland,World,PA3,3327
2012,India,World,PA3,42991
2012,Ireland,World,PA3,96583
2012,Italy,World,PA3,246688
2012,Japan,World,PA3,1694435
2012,Jordan,World,PA3,346
2012,Kyrgyzstan,World,PA3,341
2012,Latvia,World,PA3,6833
2012,Lithuania,World,PA3,6675
2012,Luxembourg,World,PA3,45955
2012,Madagascar,World,PA3,439
2012,Malaysia,World,PA3,21447
2012,Malta,World,PA3,615
2012,Mexico,World,PA3,96962
2012,Monaco,World,PA3,42838
2012,Montenegro,World,PA3,858
2012,Nepal,World,PA3,72
2012,Netherlands (Kingdom of the),World,PA3,137411
2012,New Zealand,World,PA3,27222
2012,Nicaragua,World,PA3,260
2012,Norway,World,PA3,17626
2012,Panama,World,PA3,357
2012,Patent Office of the Cooperation Council for the Arab States of the Gulf,World,PA3,1756
2012,Peru,World,PA3,2616
2012,Philippines,World,PA3,12276
2012,Poland,World,PA3,41242
2012,Portugal,World,PA3,37612
2012,Republic of Korea,World,PA3,738312
2012,Republic of Moldova,World,PA3,635
2012,Romania,World,PA3,15284
2012,Russian Federation,World,PA3,181515
2012,Rwanda,World,PA3,119
2012,Samoa,World,PA3,99
2012,Serbia,World,PA3,2303
2012,Singapore,World,PA3,45209
2012,Slovakia,World,PA3,13394
2012,Spain,World,PA3,163325
2012,Sudan,World,PA3,27
2012,Sweden,World,PA3,96252
2012,Switzerland,World,PA3,148020
2012,Tajikistan,World,PA3,254
2012,Thailand,World,PA3,11065
2012,Türkiye,World,PA3,36577
2012,Ukraine,World,PA3,25275
2012,United Arab Emirates,World,PA3,227
2012,United Kingdom,World,PA3,443670
2012,United States of America,World,PA3,2239231
2012,Uzbekistan,World,PA3,1016
2012,Viet Nam,World,PA3,11524
2012,Zambia,World,PA3,4384
2012,Zimbabwe,World,PA3,352
2013,African Intellectual Property Organization,World,PA3,2066
2013,African Regional Intellectual Property Organization,World,PA3,1157
2013,Albania,World,PA3,3114
2013,Algeria,World,PA3,4666
2013,Armenia,World,PA3,263
2013,Australia,World,PA3,122811
2013,Austria,World,PA3,104260
2013,Azerbaijan,World,PA3,248
2013,Bahamas,World,PA3,1039
2013,Bahrain,World,PA3,120
2013,Bangladesh,World,PA3,1031
2013,Belarus,World,PA3,4478
2013,Belgium,World,PA3,92460
2013,Belize,World,PA3,102
2013,Bhutan,World,PA3,2
2013,Bosnia and Herzegovina,World,PA3,583
2013,Brazil,World,PA3,35517
2013,Brunei Darussalam,World,PA3,119
2013,Bulgaria,World,PA3,9378
2013,Canada,World,PA3,153781
2013,Chile,World,PA3,9585
2013,China,World,PA3,1033908
2013,"China, Hong Kong SAR",World,PA3,38858
2013,"China, Macao SAR",World,PA3,1337
2013,Colombia,World,PA3,5967
2013,Costa Rica,World,PA3,413
2013,Croatia,World,PA3,4243
2013,Cuba,World,PA3,972
2013,Cyprus,World,PA3,82
2013,Czech Republic,World,PA3,30757
2013,Denmark,World,PA3,51277
2013,Dominican Republic,World,PA3,229
2013,Egypt,World,PA3,3553
2013,Estonia,World,PA3,6439
2013,Eswatini,World,PA3,9
2013,Finland,World,PA3,47058
2013,France,World,PA3,500114
2013,Georgia,World,PA3,2050
2013,Germany,World,PA3,569340
2013,Greece,World,PA3,28005
2013,Guatemala,World,PA3,746
2013,Guyana,World,PA3,20
2013,Hungary,World,PA3,19130
2013,Iceland,World,PA3,3385
2013,India,World,PA3,45103
2013,Indonesia,World,PA3,22564
2013,Iran (Islamic Republic of),World,PA3,36556
2013,Ireland,World,PA3,108218
2013,Israel,World,PA3,25372
2013,Italy,World,PA3,255350
2013,Jamaica,World,PA3,296
2013,Japan,World,PA3,1838177
2013,Jordan,World,PA3,317
2013,Kazakhstan,World,PA3,377
2013,Kyrgyzstan,World,PA3,348
2013,Latvia,World,PA3,6329
2013,Lithuania,World,PA3,7264
2013,Luxembourg,World,PA3,47025
2013,Madagascar,World,PA3,514
2013,Malaysia,World,PA3,22782
2013,Malta,World,PA3,560
2013,Mexico,World,PA3,101645
2013,Monaco,World,PA3,41976
2013,Mongolia,World,PA3,869
2013,Montenegro,World,PA3,1448
2013,Netherlands (Kingdom of the),World,PA3,150815
2013,New Zealand,World,PA3,28217
2013,Nicaragua,World,PA3,328
2013,Norway,World,PA3,19297
2013,Panama,World,PA3,1858
2013,Papua New Guinea,World,PA3,42
2013,Patent Office of the Cooperation Council for the Arab States of the Gulf,World,PA3,2510
2013,Peru,World,PA3,2615
2013,Philippines,World,PA3,14283
2013,Poland,World,PA3,47610
2013,Portugal,World,PA3,36782
2013,Republic of Korea,World,PA3,812595
2013,Republic of Moldova,World,PA3,471
2013,Romania,World,PA3,17100
2013,Russian Federation,World,PA3,194248
2013,Saint Vincent and the Grenadines,World,PA3,28
2013,Saudi Arabia,World,PA3,1988
2013,Serbia,World,PA3,2644
2013,Singapore,World,PA3,45999
2013,Slovakia,World,PA3,14218
2013,South Africa,World,PA3,54220
2013,Spain,World,PA3,151092
2013,Sweden,World,PA3,95695
2013,Switzerland,World,PA3,148759
2013,Tajikistan,World,PA3,256
2013,Thailand,World,PA3,11211
2013,Tunisia,World,PA3,3685
2013,Türkiye,World,PA3,44867
2013,Uganda,World,PA3,30
2013,Ukraine,World,PA3,26033
2013,United Arab Emirates,World,PA3,270
2013,United Kingdom,World,PA3,450458
2013,United States of America,World,PA3,2387502
2013,Uzbekistan,World,PA3,1155
2013,Viet Nam,World,PA3,10615
2013,Yemen,World,PA3,79
2013,Zambia,World,PA3,4122
2013,Zimbabwe,World,PA3,375
2014,African Intellectual Property Organization,World,PA3,2112
2014,African Regional Intellectual Property Organization,World,PA3,1266
2014,Albania,World,PA3,1086
2014,Algeria,World,PA3,4340
2014,Armenia,World,PA3,279
2014,Australia,World,PA3,128407
2014,Austria,World,PA3,118494
2014,Azerbaijan,World,PA3,87
2014,Bahamas,World,PA3,1117
2014,Bahrain,World,PA3,109
2014,Bangladesh,World,PA3,1077
2014,Belarus,World,PA3,5176
2014,Belgium,World,PA3,90012
2014,Belize,World,PA3,120
2014,Bolivia (Plurinational State of),World,PA3,601
2014,Bosnia and Herzegovina,World,PA3,503
2014,Botswana,World,PA3,883
2014,Brazil,World,PA3,24976
2014,Bulgaria,World,PA3,10203
2014,Canada,World,PA3,161442
2014,Chile,World,PA3,9987
2014,China,World,PA3,1196497
2014,"China, Hong Kong SAR",World,PA3,40865
2014,"China, Macao SAR",World,PA3,1489
2014,Colombia,World,PA3,6710
2014,Costa Rica,World,PA3,515
2014,Croatia,World,PA3,4838
2014,Cuba,World,PA3,927
2014,Cyprus,World,PA3,149
2014,Czech Republic,World,PA3,32590
2014,Denmark,World,PA3,51345
2014,Dominican Republic,World,PA3,294
2014,Egypt,World,PA3,4012
2014,Estonia,World,PA3,7904
2014,Finland,World,PA3,47344
2014,France,World,PA3,510490
2014,Georgia,World,PA3,1486
2014,Germany,World,PA3,576273
2014,Greece,World,PA3,27230
2014,Guatemala,World,PA3,840
2014,Guyana,World,PA3,17
2014,Hungary,World,PA3,20426
2014,Iceland,World,PA3,4089
2014,India,World,PA3,49272
2014,Iran (Islamic Republic of),World,PA3,40030
2014,Ireland,World,PA3,111109
2014,Israel,World,PA3,26645
2014,Italy,World,PA3,263824
2014,Jamaica,World,PA3,324
2014,Japan,World,PA3,1920490
2014,Jordan,World,PA3,377
2014,Kazakhstan,World,PA3,5184
2014,Kyrgyzstan,World,PA3,375
2014,Latvia,World,PA3,6763
2014,Lithuania,World,PA3,7723
2014,Luxembourg,World,PA3,48838
2014,Madagascar,World,PA3,390
2014,Malaysia,World,PA3,21568
2014,Malta,World,PA3,490
2014,Mexico,World,PA3,106340
2014,Monaco,World,PA3,53893
2014,Montenegro,World,PA3,1933
2014,Netherlands (Kingdom of the),World,PA3,156261
2014,New Zealand,World,PA3,28854
2014,Nicaragua,World,PA3,387
2014,Norway,World,PA3,21882
2014,Panama,World,PA3,1725
2014,Patent Office of the Cooperation Council for the Arab States of the Gulf,World,PA3,3609
2014,Peru,World,PA3,2651
2014,Philippines,World,PA3,16226
2014,Poland,World,PA3,53183
2014,Portugal,World,PA3,35561
2014,Republic of Korea,World,PA3,885959
2014,Republic of Moldova,World,PA3,384
2014,Romania,World,PA3,17268
2014,Russian Federation,World,PA3,208320
2014,Rwanda,World,PA3,135
2014,Samoa,World,PA3,96
2014,Saudi Arabia,World,PA3,2338
2014,Serbia,World,PA3,2964
2014,Singapore,World,PA3,47422
2014,Slovakia,World,PA3,15014
2014,South Africa,World,PA3,55031
2014,Spain,World,PA3,137836
2014,Sudan,World,PA3,70
2014,Sweden,World,PA3,93348
2014,Switzerland,World,PA3,144859
2014,Thailand,World,PA3,11623
2014,Tunisia,World,PA3,4470
2014,Türkiye,World,PA3,53908
2014,Uganda,World,PA3,26
2014,Ukraine,World,PA3,26183
2014,United Arab Emirates,World,PA3,312
2014,United Kingdom,World,PA3,453774
2014,United States of America,World,PA3,2527750
2014,Uruguay,World,PA3,646
2014,Uzbekistan,World,PA3,1141
2014,Viet Nam,World,PA3,14593
2014,Yemen,World,PA3,119
2014,Zambia,World,PA3,4161
2014,Zimbabwe,World,PA3,402
2015,African Intellectual Property Organization,World,PA3,2184
2015,African Regional Intellectual Property Organization,World,PA3,1516
2015,Albania,World,PA3,18
2015,Algeria,World,PA3,5145
2015,Armenia,World,PA3,248
2015,Australia,World,PA3,117906
2015,Austria,World,PA3,121367
2015,Azerbaijan,World,PA3,82
2015,Bahamas,World,PA3,1132
2015,Bahrain,World,PA3,93
2015,Bangladesh,World,PA3,961
2015,Belarus,World,PA3,2676
2015,Belgium,World,PA3,90648
2015,Belize,World,PA3,128
2015,Bhutan,World,PA3,1
2015,Botswana,World,PA3,1514
2015,Brazil,World,PA3,23952
2015,Bulgaria,World,PA3,10721
2015,Canada,World,PA3,166771
2015,Chile,World,PA3,11163
2015,China,World,PA3,1472374
2015,"China, Hong Kong SAR",World,PA3,42306
2015,"China, Macao SAR",World,PA3,1749
2015,Colombia,World,PA3,7858
2015,Costa Rica,World,PA3,629
2015,Croatia,World,PA3,5621
2015,Cyprus,World,PA3,114
2015,Czech Republic,World,PA3,34837
2015,Denmark,World,PA3,52321
2015,Dominican Republic,World,PA3,311
2015,Egypt,World,PA3,3703
2015,El Salvador,World,PA3,85
2015,Estonia,World,PA3,8356
2015,Finland,World,PA3,48242
2015,France,World,PA3,520069
2015,Gambia,World,PA3,2
2015,Georgia,World,PA3,1650
2015,Germany,World,PA3,602013
2015,Greece,World,PA3,26506
2015,Guatemala,World,PA3,867
2015,Guyana,World,PA3,12
2015,Hungary,World,PA3,21851
2015,Iceland,World,PA3,4920
2015,India,World,PA3,47113
2015,Iran (Islamic Republic of),World,PA3,43335
2015,Ireland,World,PA3,118273
2015,Israel,World,PA3,28666
2015,Italy,World,PA3,279336
2015,Jamaica,World,PA3,375
2015,Japan,World,PA3,1946568
2015,Jordan,World,PA3,427
2015,Kazakhstan,World,PA3,3934
2015,Kyrgyzstan,World,PA3,347
2015,Latvia,World,PA3,6938
2015,Lithuania,World,PA3,8256
2015,Luxembourg,World,PA3,51119
2015,Madagascar,World,PA3,414
2015,Malaysia,World,PA3,23538
2015,Malta,World,PA3,428
2015,Mexico,World,PA3,106648
2015,Monaco,World,PA3,63777
2015,Mongolia,World,PA3,4338
2015,Montenegro,World,PA3,2372
2015,Mozambique,World,PA3,1180
2015,Namibia,World,PA3,456
2015,Netherlands (Kingdom of the),World,PA3,160214
2015,New Zealand,World,PA3,40802
2015,Norway,World,PA3,23087
2015,Panama,World,PA3,1684
2015,Papua New Guinea,World,PA3,71
2015,Patent Office of the Cooperation Council for the Arab States of the Gulf,World,PA3,3242
2015,Peru,World,PA3,2643
2015,Philippines,World,PA3,18145
2015,Poland,World,PA3,57951
2015,Portugal,World,PA3,35080
2015,Republic of Korea,World,PA3,912442
2015,Republic of Moldova,World,PA3,348
2015,Romania,World,PA3,17089
2015,Russian Federation,World,PA3,218974
2015,Rwanda,World,PA3,108
2015,Samoa,World,PA3,64
2015,Saudi Arabia,World,PA3,2664
2015,Serbia,World,PA3,3329
2015,Singapore,World,PA3,46906
2015,Slovakia,World,PA3,15366
2015,South Africa,World,PA3,58624
2015,Spain,World,PA3,115591
2015,Sudan,World,PA3,196
2015,Sweden,World,PA3,92607
2015,Switzerland,World,PA3,162761
2015,Tajikistan,World,PA3,237
2015,Thailand,World,PA3,11681
2015,Tunisia,World,PA3,5071
2015,Türkiye,World,PA3,54673
2015,Uganda,World,PA3,20
2015,Ukraine,World,PA3,25737
2015,United Arab Emirates,World,PA3,470
2015,United Kingdom,World,PA3,458721
2015,United States of America,World,PA3,2644697
2015,Uruguay,World,PA3,606
2015,Uzbekistan,World,PA3,1081
2015,Viet Nam,World,PA3,16149
2015,Yemen,World,PA3,69
2015,Zambia,World,PA3,6848
2015,Zimbabwe,World,PA3,430
2016,African Intellectual Property Organization,World,PA3,2220
2016,African Regional Intellectual Property Organization,World,PA3,1770
2016,Albania,World,PA3,1645
2016,Algeria,World,PA3,5618
2016,Armenia,World,PA3,226
2016,Australia,World,PA3,132994
2016,Austria,World,PA3,142875
2016,Azerbaijan,World,PA3,345
2016,Bahamas,World,PA3,1077
2016,Bahrain,World,PA3,66
2016,Bangladesh,World,PA3,890
2016,Belarus,World,PA3,2503
2016,Belgium,World,PA3,97639
2016,Belize,World,PA3,4
2016,Bhutan,World,PA3,1
2016,Bosnia and Herzegovina,World,PA3,375
2016,Botswana,World,PA3,1999
2016,Brazil,World,PA3,24153
2016,Bulgaria,World,PA3,11511
2016,Canada,World,PA3,175236
2016,Chile,World,PA3,12512
2016,China,World,PA3,1772203
2016,"China, Hong Kong SAR",World,PA3,43359
2016,"China, Macao SAR",World,PA3,2040
2016,Colombia,World,PA3,6623
2016,Costa Rica,World,PA3,677
2016,Croatia,World,PA3,6606
2016,Cuba,World,PA3,857
2016,Cyprus,World,PA3,79
2016,Czech Republic,World,PA3,37889
2016,Denmark,World,PA3,55715
2016,Dominican Republic,World,PA3,265
2016,Egypt,World,PA3,5757
2016,Estonia,World,PA3,8924
2016,Finland,World,PA3,48588
2016,France,World,PA3,535554
2016,Gambia,World,PA3,4
2016,Georgia,World,PA3,1394
2016,Germany,World,PA3,617307
2016,Ghana,World,PA3,25
2016,Greece,World,PA3,26479
2016,Guatemala,World,PA3,883
2016,Guyana,World,PA3,29
2016,Honduras,World,PA3,82
2016,Hungary,World,PA3,23782
2016,Iceland,World,PA3,5941
2016,India,World,PA3,49575
2016,Iran (Islamic Republic of),World,PA3,46552
2016,Iraq,World,PA3,2085
2016,Ireland,World,PA3,147125
2016,Israel,World,PA3,30922
2016,Italy,World,PA3,287499
2016,Jamaica,World,PA3,328
2016,Japan,World,PA3,1980985
2016,Jordan,World,PA3,463
2016,Kazakhstan,World,PA3,3218
2016,Kyrgyzstan,World,PA3,274
2016,Latvia,World,PA3,7419
2016,Lithuania,World,PA3,9241
2016,Luxembourg,World,PA3,65137
2016,Madagascar,World,PA3,386
2016,Malaysia,World,PA3,25117
2016,Malta,World,PA3,423
2016,Mexico,World,PA3,109238
2016,Monaco,World,PA3,85132
2016,Mongolia,World,PA3,4324
2016,Mozambique,World,PA3,1582
2016,Namibia,World,PA3,479
2016,Netherlands (Kingdom of the),World,PA3,164264
2016,New Zealand,World,PA3,38906
2016,Norway,World,PA3,27930
2016,Pakistan,World,PA3,1848
2016,Panama,World,PA3,1358
2016,Patent Office of the Cooperation Council for the Arab States of the Gulf,World,PA3,4308
2016,Peru,World,PA3,2779
2016,Philippines,World,PA3,19995
2016,Poland,World,PA3,65006
2016,Portugal,World,PA3,35649
2016,Qatar,World,PA3,40
2016,Republic of Korea,World,PA3,950526
2016,Republic of Moldova,World,PA3,343
2016,Romania,World,PA3,18906
2016,Russian Federation,World,PA3,230870
2016,Samoa,World,PA3,51
2016,Sao Tome and Principe,World,PA3,11
2016,Saudi Arabia,World,PA3,3104
2016,Serbia,World,PA3,3790
2016,Seychelles,World,PA3,169
2016,Singapore,World,PA3,48603
2016,Slovakia,World,PA3,16363
2016,South Africa,World,PA3,58235
2016,Spain,World,PA3,115070
2016,Sri Lanka,World,PA3,710
2016,Sudan,World,PA3,164
2016,Sweden,World,PA3,93545
2016,Switzerland,World,PA3,193883
2016,Thailand,World,PA3,12193
2016,Tunisia,World,PA3,5672
2016,Türkiye,World,PA3,63575
2016,Uganda,World,PA3,19
2016,Ukraine,World,PA3,24760
2016,United Arab Emirates,World,PA3,652
2016,United Kingdom,World,PA3,485326
2016,United States of America,World,PA3,2763055
2016,Uzbekistan,World,PA3,977
2016,Viet Nam,World,PA3,14398
2016,Yemen,World,PA3,62
2016,Zambia,World,PA3,7259
2016,Zimbabwe,World,PA3,435
2017,African Regional Intellectual Property Organization,World,PA3,1977
2017,Albania,World,PA3,4946
2017,Algeria,World,PA3,2171
2017,Andorra,World,PA3,4
2017,Argentina,World,PA3,13115
2017,Armenia,World,PA3,209
2017,Australia,World,PA3,144555
2017,Austria,World,PA3,146880
2017,Azerbaijan,World,PA3,236
2017,Bahamas,World,PA3,1082
2017,Bahrain,World,PA3,53
2017,Bangladesh,World,PA3,995
2017,Belarus,World,PA3,2250
2017,Belgium,World,PA3,130967
2017,Bhutan,World,PA3,1
2017,Bosnia and Herzegovina,World,PA3,367
2017,Botswana,World,PA3,2035
2017,Brazil,World,PA3,25664
2017,Brunei Darussalam,World,PA3,743
2017,Bulgaria,World,PA3,12039
2017,Canada,World,PA3,180727
2017,Chile,World,PA3,12389
2017,China,World,PA3,2085367
2017,"China, Hong Kong SAR",World,PA3,45059
2017,"China, Macao SAR",World,PA3,2207
2017,Colombia,World,PA3,7024
2017,Costa Rica,World,PA3,830
2017,Croatia,World,PA3,7845
2017,Cuba,World,PA3,816
2017,Cyprus,World,PA3,37
2017,Czech Republic,World,PA3,41606
2017,Denmark,World,PA3,58494
2017,Dominican Republic,World,PA3,282
2017,Ecuador,World,PA3,63
2017,Egypt,World,PA3,5779
2017,Estonia,World,PA3,9710
2017,Finland,World,PA3,50764
2017,France,World,PA3,563695
2017,Gambia,World,PA3,8
2017,Georgia,World,PA3,1172
2017,Germany,World,PA3,657749
2017,Ghana,World,PA3,30
2017,Greece,World,PA3,26936
2017,Guatemala,World,PA3,908
2017,Honduras,World,PA3,1654
2017,Hungary,World,PA3,26225
2017,Iceland,World,PA3,6613
2017,India,World,PA3,60777
2017,Iran (Islamic Republic of),World,PA3,42447
2017,Iraq,World,PA3,2427
2017,Ireland,World,PA3,169453
2017,Israel,World,PA3,32764
2017,Italy,World,PA3,297672
2017,Jamaica,World,PA3,265
2017,Japan,World,PA3,2013685
2017,Jordan,World,PA3,407
2017,Kazakhstan,World,PA3,2625
2017,Kyrgyzstan,World,PA3,256
2017,Latvia,World,PA3,8808
2017,Lithuania,World,PA3,10054
2017,Luxembourg,World,PA3,71708
2017,Madagascar,World,PA3,206
2017,Malaysia,World,PA3,25313
2017,Malta,World,PA3,216
2017,Mauritius,World,PA3,46
2017,Mexico,World,PA3,112617
2017,Monaco,World,PA3,88453
2017,Mozambique,World,PA3,2029
2017,Namibia,World,PA3,451
2017,Netherlands (Kingdom of the),World,PA3,165879
2017,New Zealand,World,PA3,36157
2017,Norway,World,PA3,33150
2017,Pakistan,World,PA3,1745
2017,Panama,World,PA3,1289
2017,Patent Office of the Cooperation Council for the Arab States of the Gulf,World,PA3,6095
2017,Peru,World,PA3,2791
2017,Philippines,World,PA3,21254
2017,Poland,World,PA3,75982
2017,Portugal,World,PA3,36821
2017,Qatar,World,PA3,37
2017,Republic of Korea,World,PA3,970889
2017,Republic of Moldova,World,PA3,333
2017,Romania,World,PA3,20711
2017,Russian Federation,World,PA3,244217
2017,Rwanda,World,PA3,456
2017,Saint Vincent and the Grenadines,World,PA3,10
2017,Samoa,World,PA3,51
2017,Sao Tome and Principe,World,PA3,11
2017,Saudi Arabia,World,PA3,3277
2017,Serbia,World,PA3,4644
2017,Seychelles,World,PA3,198
2017,Singapore,World,PA3,49514
2017,Slovakia,World,PA3,17815
2017,South Africa,World,PA3,63151
2017,Spain,World,PA3,108732
2017,Sri Lanka,World,PA3,826
2017,Sudan,World,PA3,177
2017,Sweden,World,PA3,96876
2017,Switzerland,World,PA3,208022
2017,Syrian Arab Republic,World,PA3,13
2017,Thailand,World,PA3,16591
2017,Tunisia,World,PA3,6231
2017,Türkiye,World,PA3,68886
2017,Uganda,World,PA3,8
2017,Ukraine,World,PA3,23705
2017,United Arab Emirates,World,PA3,593
2017,United Kingdom,World,PA3,516965
2017,United States of America,World,PA3,2984825
2017,Uruguay,World,PA3,410
2017,Uzbekistan,World,PA3,952
2017,Viet Nam,World,PA3,15226
2017,Zambia,World,PA3,7705
2017,Zimbabwe,World,PA3,442
2018,African Regional Intellectual Property Organization,World,PA3,2007
2018,Albania,World,PA3,5021
2018,Algeria,World,PA3,2084
2018,Andorra,World,PA3,10
2018,Antigua and Barbuda,World,PA3,78
2018,Armenia,World,PA3,209
2018,Australia,World,PA3,156244
2018,Austria,World,PA3,167594
2018,Azerbaijan,World,PA3,253
2018,Bahrain,World,PA3,60
2018,Bangladesh,World,PA3,990
2018,Belarus,World,PA3,1991
2018,Belgium,World,PA3,155083
2018,Belize,World,PA3,16
2018,Bosnia and Herzegovina,World,PA3,234
2018,Botswana,World,PA3,2038
2018,Brazil,World,PA3,31977
2018,Brunei Darussalam,World,PA3,399
2018,Bulgaria,World,PA3,13393
2018,Cabo Verde,World,PA3,1
2018,Canada,World,PA3,184559
2018,Chile,World,PA3,13795
2018,China,World,PA3,2366314
2018,"China, Hong Kong SAR",World,PA3,49922
2018,"China, Macao SAR",World,PA3,2552
2018,Colombia,World,PA3,7403
2018,Costa Rica,World,PA3,629
2018,Croatia,World,PA3,8945
2018,Cuba,World,PA3,727
2018,Cyprus,World,PA3,12
2018,Czech Republic,World,PA3,45016
2018,Democratic Republic of the Congo,World,PA3,30
2018,Denmark,World,PA3,62408
2018,Dominican Republic,World,PA3,635
2018,Ecuador,World,PA3,65
2018,Egypt,World,PA3,5706
2018,Estonia,World,PA3,10452
2018,Finland,World,PA3,52140
2018,France,World,PA3,602084
2018,Gambia,World,PA3,16
2018,Georgia,World,PA3,1312
2018,Germany,World,PA3,703606
2018,Greece,World,PA3,27426
2018,Guatemala,World,PA3,914
2018,Honduras,World,PA3,1765
2018,Hungary,World,PA3,28677
2018,Iceland,World,PA3,7380
2018,India,World,PA3,60865
2018,Indonesia,World,PA3,31931
2018,Iran (Islamic Republic of),World,PA3,48859
2018,Iraq,World,PA3,2784
2018,Ireland,World,PA3,196707
2018,Israel,World,PA3,33951
2018,Italy,World,PA3,306768
2018,Jamaica,World,PA3,286
2018,Japan,World,PA3,2054276
2018,Jordan,World,PA3,532
2018,Kyrgyzstan,World,PA3,253
2018,Latvia,World,PA3,9475
2018,Lithuania,World,PA3,10983
2018,Luxembourg,World,PA3,98245
2018,Madagascar,World,PA3,229
2018,Malaysia,World,PA3,26572
2018,Malta,World,PA3,224
2018,Mauritius,World,PA3,53
2018,Mexico,World,PA3,113286
2018,Monaco,World,PA3,115893
2018,Mongolia,World,PA3,1030
2018,Morocco,World,PA3,5562
2018,Mozambique,World,PA3,2531
2018,Namibia,World,PA3,623
2018,Netherlands (Kingdom of the),World,PA3,194393
2018,New Zealand,World,PA3,33331
2018,Nigeria,World,PA3,650
2018,Norway,World,PA3,37434
2018,Pakistan,World,PA3,1835
2018,Panama,World,PA3,1338
2018,Papua New Guinea,World,PA3,78
2018,Paraguay,World,PA3,226
2018,Patent Office of the Cooperation Council for the Arab States of the Gulf,World,PA3,7350
2018,Peru,World,PA3,3098
2018,Philippines,World,PA3,23405
2018,Poland,World,PA3,82618
2018,Portugal,World,PA3,38193
2018,Republic of Korea,World,PA3,1001163
2018,Republic of Moldova,World,PA3,324
2018,Romania,World,PA3,22732
2018,Russian Federation,World,PA3,256419
2018,Rwanda,World,PA3,309
2018,Saint Vincent and the Grenadines,World,PA3,8
2018,Samoa,World,PA3,52
2018,Sao Tome and Principe,World,PA3,19
2018,Saudi Arabia,World,PA3,3383
2018,Serbia,World,PA3,5685
2018,Seychelles,World,PA3,209
2018,Singapore,World,PA3,48105
2018,Slovakia,World,PA3,19247
2018,Slovenia,World,PA3,1343
2018,South Africa,World,PA3,73270
2018,Spain,World,PA3,95911
2018,Sri Lanka,World,PA3,850
2018,Sudan,World,PA3,204
2018,Sweden,World,PA3,100974
2018,Switzerland,World,PA3,244581
2018,Thailand,World,PA3,15696
2018,Türkiye,World,PA3,75363
2018,Tuvalu,World,PA3,7
2018,Ukraine,World,PA3,22977
2018,United Arab Emirates,World,PA3,1139
2018,United Kingdom,World,PA3,572063
2018,United States of America,World,PA3,3063494
2018,Uzbekistan,World,PA3,966
2018,Viet Nam,World,PA3,12965
2018,Yemen,World,PA3,35
2018,Zambia,World,PA3,7717
2018,Zimbabwe,World,PA3,455
2019,African Regional Intellectual Property Organization,World,PA3,1921
2019,Albania,World,PA3,6017
2019,Algeria,World,PA3,4496
2019,Andorra,World,PA3,20
2019,Armenia,World,PA3,219
2019,Australia,World,PA3,159244
2019,Austria,World,PA3,171654
2019,Azerbaijan,World,PA3,236
2019,Bahrain,World,PA3,130
2019,Bangladesh,World,PA3,1429
2019,Belarus,World,PA3,1813
2019,Belgium,World,PA3,162827
2019,Belize,World,PA3,41
2019,Bhutan,World,PA3,1
2019,Bosnia and Herzegovina,World,PA3,184
2019,Botswana,World,PA3,2040
2019,Brazil,World,PA3,39538
2019,Brunei Darussalam,World,PA3,540
2019,Bulgaria,World,PA3,14342
2019,Canada,World,PA3,187928
2019,Chile,World,PA3,14438
2019,China,World,PA3,2670784
2019,"China, Hong Kong SAR",World,PA3,51949
2019,"China, Macao SAR",World,PA3,2762
2019,Colombia,World,PA3,8211
2019,Costa Rica,World,PA3,1068
2019,Croatia,World,PA3,10059
2019,Cuba,World,PA3,648
2019,Cyprus,World,PA3,16
2019,Czech Republic,World,PA3,48391
2019,Democratic Republic of the Congo,World,PA3,28
2019,Denmark,World,PA3,65967
2019,Dominican Republic,World,PA3,758
2019,Ecuador,World,PA3,71
2019,Egypt,World,PA3,5827
2019,Estonia,World,PA3,11194
2019,Finland,World,PA3,54501
2019,France,World,PA3,640883
2019,Georgia,World,PA3,986
2019,Germany,World,PA3,772358
2019,Greece,World,PA3,28321
2019,Guatemala,World,PA3,235
2019,Honduras,World,PA3,267
2019,Hungary,World,PA3,31958
2019,Iceland,World,PA3,8481
2019,India,World,PA3,76556
2019,Indonesia,World,PA3,25180
2019,Iran (Islamic Republic of),World,PA3,53565
2019,Iraq,World,PA3,3199
2019,Ireland,World,PA3,221884
2019,Israel,World,PA3,34892
2019,Italy,World,PA3,339072
2019,Jamaica,World,PA3,306
2019,Japan,World,PA3,2053879
2019,Jordan,World,PA3,554
2019,Kazakhstan,World,PA3,2891
2019,Kyrgyzstan,World,PA3,223
2019,Latvia,World,PA3,9928
2019,Lithuania,World,PA3,11810
2019,Luxembourg,World,PA3,145728
2019,Madagascar,World,PA3,234
2019,Malaysia,World,PA3,27309
2019,Malta,World,PA3,233
2019,Mexico,World,PA3,113449
2019,Monaco,World,PA3,112286
2019,Mongolia,World,PA3,1155
2019,Morocco,World,PA3,5495
2019,Mozambique,World,PA3,3041
2019,Namibia,World,PA3,643
2019,Netherlands (Kingdom of the),World,PA3,205675
2019,New Zealand,World,PA3,30519
2019,Nigeria,World,PA3,853
2019,North Macedonia,World,PA3,7445
2019,Norway,World,PA3,42202
2019,Pakistan,World,PA3,1861
2019,Panama,World,PA3,1343
2019,Papua New Guinea,World,PA3,82
2019,Paraguay,World,PA3,175
2019,Patent Office of the Cooperation Council for the Arab States of the Gulf,World,PA3,7993
2019,Peru,World,PA3,3432
2019,Philippines,World,PA3,24797
2019,Poland,World,PA3,91974
2019,Portugal,World,PA3,40052
2019,Republic of Korea,World,PA3,1048079
2019,Republic of Moldova,World,PA3,317
2019,Romania,World,PA3,24809
2019,Russian Federation,World,PA3,263688
2019,Saint Vincent and the Grenadines,World,PA3,19
2019,Samoa,World,PA3,56
2019,Sao Tome and Principe,World,PA3,6
2019,Saudi Arabia,World,PA3,3829
2019,Serbia,World,PA3,6773
2019,Seychelles,World,PA3,209
2019,Singapore,World,PA3,47310
2019,Slovakia,World,PA3,20981
2019,South Africa,World,PA3,76936
2019,Spain,World,PA3,222666
2019,Sri Lanka,World,PA3,781
2019,Sweden,World,PA3,107032
2019,Switzerland,World,PA3,246124
2019,Thailand,World,PA3,16204
2019,Türkiye,World,PA3,81685
2019,Tuvalu,World,PA3,17
2019,Ukraine,World,PA3,22440
2019,United Arab Emirates,World,PA3,1283
2019,United Kingdom,World,PA3,641887
2019,United States of America,World,PA3,3131427
2019,Uzbekistan,World,PA3,1161
2019,Viet Nam,World,PA3,18575
2019,Yemen,World,PA3,76
2019,Zambia,World,PA3,7726
2019,Zimbabwe,World,PA3,469
2020,African Regional Intellectual Property Organization,World,PA3,2086
2020,Albania,World,PA3,5833
2020,Algeria,World,PA3,4319
2020,Andorra,World,PA3,33
2020,Angola,World,PA3,85
2020,Argentina,World,PA3,14550
2020,Armenia,World,PA3,189
2020,Australia,World,PA3,159304
2020,Austria,World,PA3,159581
2020,Azerbaijan,World,PA3,252
2020,Bahrain,World,PA3,131
2020,Bangladesh,World,PA3,1732
2020,Belarus,World,PA3,1752
2020,Belgium,World,PA3,164635
2020,Belize,World,PA3,45
2020,Bhutan,World,PA3,1
2020,Bolivia (Plurinational State of),World,PA3,125
2020,Bosnia and Herzegovina,World,PA3,160
2020,Brazil,World,PA3,57942
2020,Brunei Darussalam,World,PA3,652
2020,Bulgaria,World,PA3,14790
2020,Canada,World,PA3,192668
2020,Chile,World,PA3,17120
2020,China,World,PA3,3057844
2020,"China, Hong Kong SAR",World,PA3,53726
2020,"China, Macao SAR",World,PA3,3046
2020,Colombia,World,PA3,8365
2020,Costa Rica,World,PA3,1175
2020,Croatia,World,PA3,11041
2020,Cuba,World,PA3,581
2020,Cyprus,World,PA3,21
2020,Czech Republic,World,PA3,50193
2020,Democratic Republic of the Congo,World,PA3,15
2020,Denmark,World,PA3,68961
2020,Djibouti,World,PA3,5
2020,Dominican Republic,World,PA3,861
2020,Ecuador,World,PA3,80
2020,Egypt,World,PA3,5655
2020,Estonia,World,PA3,11444
2020,Ethiopia,World,PA3,220
2020,Finland,World,PA3,55898
2020,France,World,PA3,674334
2020,Gambia,World,PA3,539
2020,Georgia,World,PA3,910
2020,Germany,World,PA3,834734
2020,Greece,World,PA3,28492
2020,Grenada,World,PA3,13
2020,Guatemala,World,PA3,257
2020,Honduras,World,PA3,252
2020,Hungary,World,PA3,33566
2020,Iceland,World,PA3,9001
2020,India,World,PA3,92897
2020,Indonesia,World,PA3,59394
2020,Iran (Islamic Republic of),World,PA3,38642
2020,Iraq,World,PA3,3276
2020,Ireland,World,PA3,217386
2020,Israel,World,PA3,35096
2020,Italy,World,PA3,402621
2020,Jamaica,World,PA3,317
2020,Japan,World,PA3,2039040
2020,Jordan,World,PA3,694
2020,Kazakhstan,World,PA3,3152
2020,Kyrgyzstan,World,PA3,194
2020,Lao People's Democratic Republic,World,PA3,574
2020,Latvia,World,PA3,9249
2020,Lithuania,World,PA3,12354
2020,Luxembourg,World,PA3,165249
2020,Madagascar,World,PA3,209
2020,Malaysia,World,PA3,31975
2020,Malta,World,PA3,248
2020,Mexico,World,PA3,113330
2020,Monaco,World,PA3,109213
2020,Mongolia,World,PA3,1317
2020,Morocco,World,PA3,5396
2020,Mozambique,World,PA3,3791
2020,Namibia,World,PA3,664
2020,Netherlands (Kingdom of the),World,PA3,212855
2020,New Zealand,World,PA3,28048
2020,Nigeria,World,PA3,451
2020,North Macedonia,World,PA3,4610
2020,Norway,World,PA3,46406
2020,Pakistan,World,PA3,1973
2020,Panama,World,PA3,1490
2020,Papua New Guinea,World,PA3,86
2020,Paraguay,World,PA3,148
2020,Patent Office of the Cooperation Council for the Arab States of the Gulf,World,PA3,7771
2020,Peru,World,PA3,3657
2020,Philippines,World,PA3,25715
2020,Poland,World,PA3,102531
2020,Portugal,World,PA3,41374
2020,Qatar,World,PA3,205
2020,Republic of Korea,World,PA3,1096721
2020,Republic of Moldova,World,PA3,289
2020,Romania,World,PA3,27475
2020,Russian Federation,World,PA3,266189
2020,Saint Vincent and the Grenadines,World,PA3,19
2020,Samoa,World,PA3,50
2020,Sao Tome and Principe,World,PA3,349
2020,Saudi Arabia,World,PA3,4175
2020,Serbia,World,PA3,7528
2020,Seychelles,World,PA3,225
2020,Singapore,World,PA3,46640
2020,Slovakia,World,PA3,21912
2020,Slovenia,World,PA3,17781
2020,South Africa,World,PA3,78787
2020,Spain,World,PA3,224455
2020,Sri Lanka,World,PA3,939
2020,Sweden,World,PA3,111789
2020,Switzerland,World,PA3,250143
2020,Syrian Arab Republic,World,PA3,439
2020,Thailand,World,PA3,17306
2020,Tonga,World,PA3,3
2020,Türkiye,World,PA3,88753
2020,Tuvalu,World,PA3,27
2020,Uganda,World,PA3,22
2020,Ukraine,World,PA3,21190
2020,United Arab Emirates,World,PA3,2416
2020,United Kingdom,World,PA3,648917
2020,United States of America,World,PA3,3348531
2020,Uzbekistan,World,PA3,1159
2020,Viet Nam,World,PA3,12625
2020,Yemen,World,PA3,95
2020,Zambia,World,PA3,8205
2020,Zimbabwe,World,PA3,473
2021,African Regional Intellectual Property Organization,World,PA3,2358
2021,Albania,World,PA3,6519
2021,Algeria,World,PA3,4646
2021,Andorra,World,PA3,39
2021,Angola,World,PA3,86
2021,Argentina,World,PA3,13411
2021,Armenia,World,PA3,12
2021,Australia,World,PA3,157313
2021,Austria,World,PA3,152105
2021,Azerbaijan,World,PA3,272
2021,Bahrain,World,PA3,114
2021,Bangladesh,World,PA3,2114
2021,Belarus,World,PA3,1555
2021,Belgium,World,PA3,157321
2021,Belize,World,PA3,57
2021,Bhutan,World,PA3,1
2021,Bolivia (Plurinational State of),World,PA3,217
2021,Bosnia and Herzegovina,World,PA3,152
2021,Brazil,World,PA3,75529
2021,Brunei Darussalam,World,PA3,1521
2021,Bulgaria,World,PA3,15291
2021,Burundi,World,PA3,208
2021,Cabo Verde,World,PA3,2
2021,Canada,World,PA3,203603
2021,Chile,World,PA3,14359
2021,China,World,PA3,3596901
2021,"China, Hong Kong SAR",World,PA3,61446
2021,"China, Macao SAR",World,PA3,3694
2021,Colombia,World,PA3,8457
2021,Costa Rica,World,PA3,1188
2021,Croatia,World,PA3,11876
2021,Cuba,World,PA3,494
2021,Cyprus,World,PA3,14
2021,Czech Republic,World,PA3,51153
2021,Denmark,World,PA3,69784
2021,Djibouti,World,PA3,13
2021,Dominican Republic,World,PA3,938
2021,Ecuador,World,PA3,80
2021,Egypt,World,PA3,5386
2021,Estonia,World,PA3,11768
2021,Finland,World,PA3,56847
2021,France,World,PA3,703342
2021,Gambia,World,PA3,563
2021,Georgia,World,PA3,898
2021,Germany,World,PA3,877763
2021,Greece,World,PA3,29228
2021,Guatemala,World,PA3,224
2021,Guyana,World,PA3,24
2021,Honduras,World,PA3,349
2021,Hungary,World,PA3,34797
2021,Iceland,World,PA3,9330
2021,India,World,PA3,110879
2021,Iran (Islamic Republic of),World,PA3,35955
2021,Iraq,World,PA3,3623
2021,Ireland,World,PA3,197254
2021,Israel,World,PA3,35539
2021,Italy,World,PA3,409696
2021,Jamaica,World,PA3,319
2021,Japan,World,PA3,2020424
2021,Jordan,World,PA3,821
2021,Kazakhstan,World,PA3,3137
2021,Kyrgyzstan,World,PA3,173
2021,Latvia,World,PA3,10726
2021,Lithuania,World,PA3,12718
2021,Luxembourg,World,PA3,143988
2021,Madagascar,World,PA3,223
2021,Malaysia,World,PA3,34141
2021,Malta,World,PA3,233
2021,Mauritius,World,PA3,20
2021,Mexico,World,PA3,117170
2021,Monaco,World,PA3,108388
2021,Mongolia,World,PA3,1445
2021,Morocco,World,PA3,4898
2021,Mozambique,World,PA3,4259
2021,Netherlands (Kingdom of the),World,PA3,212866
2021,New Zealand,World,PA3,25749
2021,North Macedonia,World,PA3,4903
2021,Norway,World,PA3,48407
2021,Oman,World,PA3,272
2021,Pakistan,World,PA3,2054
2021,Panama,World,PA3,2430
2021,Papua New Guinea,World,PA3,91
2021,Patent Office of the Cooperation Council for the Arab States of the Gulf,World,PA3,6646
2021,Peru,World,PA3,3740
2021,Philippines,World,PA3,26973
2021,Poland,World,PA3,93364
2021,Portugal,World,PA3,41927
2021,Qatar,World,PA3,83
2021,Republic of Korea,World,PA3,1153320
2021,Republic of Moldova,World,PA3,293
2021,Romania,World,PA3,27264
2021,Russian Federation,World,PA3,264587
2021,Saint Vincent and the Grenadines,World,PA3,20
2021,Samoa,World,PA3,51
2021,Sao Tome and Principe,World,PA3,387
2021,Saudi Arabia,World,PA3,6017
2021,Serbia,World,PA3,8198
2021,Seychelles,World,PA3,264
2021,Singapore,World,PA3,47801
2021,Slovakia,World,PA3,21940
2021,Slovenia,World,PA3,18304
2021,South Africa,World,PA3,85431
2021,Spain,World,PA3,225741
2021,Sri Lanka,World,PA3,995
2021,Sweden,World,PA3,112035
2021,Switzerland,World,PA3,264909
2021,Syrian Arab Republic,World,PA3,491
2021,Thailand,World,PA3,18817
2021,Tonga,World,PA3,2
2021,Trinidad and Tobago,World,PA3,1075
2021,Türkiye,World,PA3,82425
2021,Uganda,World,PA3,22
2021,Ukraine,World,PA3,18478
2021,United Arab Emirates,World,PA3,2705
2021,United Kingdom,World,PA3,669638
2021,United States of America,World,PA3,3327540
2021,Uzbekistan,World,PA3,1217
2021,Vanuatu,World,PA3,50
2021,Venezuela (Bolivarian Republic of),World,PA3,212
2021,Viet Nam,World,PA3,14444
2021,Yemen,World,PA3,99
2021,Zambia,World,PA3,8525
2021,Zimbabwe,World,PA3,477
2022,Albania,World,PA3,8497
2022,Algeria,World,PA3,5250
2022,Andorra,World,PA3,40
2022,Angola,World,PA3,80
2022,Argentina,World,PA3,12976
2022,Armenia,World,PA3,12
2022,Australia,World,PA3,159361
2022,Austria,World,PA3,143690
2022,Azerbaijan,World,PA3,250
2022,Bahrain,World,PA3,307
2022,Bangladesh,World,PA3,1967
2022,Belarus,World,PA3,1490
2022,Belgium,World,PA3,147281
2022,Belize,World,PA3,61
2022,Bhutan,World,PA3,3
2022,Bolivia (Plurinational State of),World,PA3,224
2022,Bosnia and Herzegovina,World,PA3,119
2022,Brazil,World,PA3,94435
2022,Brunei Darussalam,World,PA3,962
2022,Bulgaria,World,PA3,14922
2022,Burundi,World,PA3,202
2022,Cabo Verde,World,PA3,2
2022,Canada,World,PA3,191627
2022,Chile,World,PA3,20328
2022,China,World,PA3,4212188
2022,"China, Hong Kong SAR",World,PA3,67468
2022,"China, Macao SAR",World,PA3,4506
2022,Colombia,World,PA3,8845
2022,Costa Rica,World,PA3,1282
2022,Croatia,World,PA3,12597
2022,Cyprus,World,PA3,11
2022,Czech Republic,World,PA3,50974
2022,Denmark,World,PA3,70398
2022,Djibouti,World,PA3,7
2022,Dominican Republic,World,PA3,1067
2022,Ecuador,World,PA3,66
2022,Egypt,World,PA3,5267
2022,Estonia,World,PA3,11752
2022,Ethiopia,World,PA3,264
2022,Finland,World,PA3,56468
2022,France,World,PA3,718197
2022,Gambia,World,PA3,639
2022,Georgia,World,PA3,892
2022,Germany,World,PA3,917232
2022,Greece,World,PA3,28866
2022,Guatemala,World,PA3,205
2022,Honduras,World,PA3,379
2022,Hungary,World,PA3,35746
2022,Iceland,World,PA3,9457
2022,India,World,PA3,128663
2022,Indonesia,World,PA3,84540
2022,Iran (Islamic Republic of),World,PA3,38762
2022,Iraq,World,PA3,4003
2022,Ireland,World,PA3,167519
2022,Israel,World,PA3,38145
2022,Italy,World,PA3,395227
2022,Jamaica,World,PA3,245
2022,Japan,World,PA3,2029223
2022,Kazakhstan,World,PA3,2855
2022,Kenya,World,PA3,689
2022,Kuwait,World,PA3,24
2022,Kyrgyzstan,World,PA3,175
2022,Latvia,World,PA3,11282
2022,Lithuania,World,PA3,12990
2022,Luxembourg,World,PA3,117527
2022,Madagascar,World,PA3,217
2022,Malaysia,World,PA3,35175
2022,Mexico,World,PA3,118484
2022,Monaco,World,PA3,105553
2022,Mongolia,World,PA3,1533
2022,Morocco,World,PA3,5030
2022,Mozambique,World,PA3,4753
2022,Namibia,World,PA3,390
2022,Netherlands (Kingdom of the),World,PA3,211591
2022,New Zealand,World,PA3,25151
2022,Nigeria,World,PA3,1205
2022,North Macedonia,World,PA3,5659
2022,Norway,World,PA3,51035
2022,Oman,World,PA3,281
2022,Pakistan,World,PA3,2062
2022,Papua New Guinea,World,PA3,105
2022,Peru,World,PA3,3998
2022,Philippines,World,PA3,28755
2022,Poland,World,PA3,94156
2022,Portugal,World,PA3,40496
2022,Qatar,World,PA3,482
2022,Republic of Korea,World,PA3,1214146
2022,Republic of Moldova,World,PA3,291
2022,Romania,World,PA3,27931
2022,Russian Federation,World,PA3,259020
2022,Saint Vincent and the Grenadines,World,PA3,18
2022,Samoa,World,PA3,38
2022,Sao Tome and Principe,World,PA3,396
2022,Saudi Arabia,World,PA3,8946
2022,Serbia,World,PA3,8613
2022,Seychelles,World,PA3,256
2022,Singapore,World,PA3,47223
2022,Slovakia,World,PA3,21829
2022,Slovenia,World,PA3,18333
2022,South Africa,World,PA3,92226
2022,Spain,World,PA3,214974
2022,Sri Lanka,World,PA3,982
2022,Sweden,World,PA3,112414
2022,Switzerland,World,PA3,241587
2022,Syrian Arab Republic,World,PA3,451
2022,Thailand,World,PA3,18856
2022,Trinidad and Tobago,World,PA3,1040
2022,Türkiye,World,PA3,80347
2022,Uganda,World,PA3,22
2022,Ukraine,World,PA3,18806
2022,United Arab Emirates,World,PA3,3265
2022,United Kingdom,World,PA3,676133
2022,United States of America,World,PA3,3343159
2022,Uzbekistan,World,PA3,1413
2022,Vanuatu,World,PA3,50
2022,Venezuela (Bolivarian Republic of),World,PA3,450
2022,Viet Nam,World,PA3,19028
2022,Yemen,World,PA3,102
2022,Zambia,World,PA3,8537
2022,Zimbabwe,World,PA3,513
2023,African Intellectual Property Organization,World,PA3,2905
2023,African Regional Intellectual Property Organization,World,PA3,2974
2023,Algeria,World,PA3,5918
2023,Andorra,World,PA3,41
2023,Angola,World,PA3,80
2023,Armenia,World,PA3,16
2023,Australia,World,PA3,160228
2023,Austria,World,PA3,143535
2023,Azerbaijan,World,PA3,357
2023,Bahrain,World,PA3,352
2023,Bangladesh,World,PA3,2414
2023,Belarus,World,PA3,1387
2023,Belgium,World,PA3,168645
2023,Bhutan,World,PA3,13
2023,Bosnia and Herzegovina,World,PA3,74
2023,Botswana,World,PA3,915
2023,Brazil,World,PA3,103385
2023,Brunei Darussalam,World,PA3,1005
2023,Bulgaria,World,PA3,14233
2023,Burundi,World,PA3,202
2023,Cabo Verde,World,PA3,2
2023,Canada,World,PA3,201063
2023,Chile,World,PA3,17579
2023,China,World,PA3,4990633
2023,"China, Hong Kong SAR",World,PA3,71836
2023,"China, Macao SAR",World,PA3,5075
2023,Colombia,World,PA3,9031
2023,Costa Rica,World,PA3,1402
2023,Croatia,World,PA3,12748
2023,Cuba,World,PA3,469
2023,Cyprus,World,PA3,11
2023,Czech Republic,World,PA3,50591
2023,Denmark,World,PA3,88096
2023,Dominican Republic,World,PA3,1118
2023,Ecuador,World,PA3,139
2023,Egypt,World,PA3,5265
2023,El Salvador,World,PA3,892
2023,Estonia,World,PA3,11170
2023,Ethiopia,World,PA3,278
2023,Finland,World,PA3,72427
2023,France,World,PA3,735054
2023,Georgia,World,PA3,768
2023,Germany,World,PA3,928106
2023,Ghana,World,PA3,2623
2023,Greece,World,PA3,28693
2023,Guatemala,World,PA3,218
2023,Guyana,World,PA3,35
2023,Honduras,World,PA3,428
2023,Hungary,World,PA3,34934
2023,Iceland,World,PA3,9559
2023,India,World,PA3,188785
2023,Iran (Islamic Republic of),World,PA3,46354
2023,Iraq,World,PA3,4963
2023,Ireland,World,PA3,184119
2023,Israel,World,PA3,39218
2023,Italy,World,PA3,392105
2023,Jamaica,World,PA3,310
2023,Japan,World,PA3,2063676
2023,Kazakhstan,World,PA3,3176
2023,Kenya,World,PA3,848
2023,Kuwait,World,PA3,22
2023,Kyrgyzstan,World,PA3,196
2023,Lao People's Democratic Republic,World,PA3,147
2023,Latvia,World,PA3,10954
2023,Lithuania,World,PA3,12815
2023,Luxembourg,World,PA3,138282
2023,Madagascar,World,PA3,228
2023,Malaysia,World,PA3,36594
2023,Mexico,World,PA3,109740
2023,Monaco,World,PA3,121647
2023,Mongolia,World,PA3,1579
2023,Morocco,World,PA3,5226
2023,Mozambique,World,PA3,5233
2023,Namibia,World,PA3,405
2023,Netherlands (Kingdom of the),World,PA3,226936
2023,New Zealand,World,PA3,24024
2023,North Macedonia,World,PA3,5711
2023,Norway,World,PA3,53144
2023,Oman,World,PA3,323
2023,Pakistan,World,PA3,2112
2023,Paraguay,World,PA3,214
2023,Patent Office of the Cooperation Council for the Arab States of the Gulf,World,PA3,6775
2023,Peru,World,PA3,4286
2023,Philippines,World,PA3,29126
2023,Poland,World,PA3,108142
2023,Portugal,World,PA3,55572
2023,Qatar,World,PA3,520
2023,Republic of Korea,World,PA3,1271759
2023,Republic of Moldova,World,PA3,274
2023,Romania,World,PA3,27498
2023,Russian Federation,World,PA3,250066
2023,Saint Vincent and the Grenadines,World,PA3,19
2023,Samoa,World,PA3,54
2023,Sao Tome and Principe,World,PA3,797
2023,Saudi Arabia,World,PA3,10436
2023,Serbia,World,PA3,9000
2023,Singapore,World,PA3,48011
2023,Slovakia,World,PA3,20986
2023,Slovenia,World,PA3,18183
2023,South Africa,World,PA3,99627
2023,Spain,World,PA3,201120
2023,Sri Lanka,World,PA3,1011
2023,Sweden,World,PA3,128768
2023,Switzerland,World,PA3,258939
2023,Syrian Arab Republic,World,PA3,608
2023,Thailand,World,PA3,21278
2023,Tonga,World,PA3,9
2023,Trinidad and Tobago,World,PA3,1013
2023,Türkiye,World,PA3,79825
2023,Uganda,World,PA3,44
2023,Ukraine,World,PA3,19618
2023,United Arab Emirates,World,PA3,4053
2023,United Kingdom,World,PA3,698144
2023,United States of America,World,PA3,3455220
2023,Uzbekistan,World,PA3,1314
2023,Vanuatu,World,PA3,50
2023,Venezuela (Bolivarian Republic of),World,PA3,529
2023,Viet Nam,World,PA3,20592
2023,Yemen,World,PA3,104
2023,Zambia,World,PA3,8554
2023,Zimbabwe,World,PA3,440
2024,African Intellectual Property Organization,World,PA3,3115
2024,African Regional Intellectual Property Organization,World,PA3,3065
2024,Algeria,World,PA3,7039
2024,Andorra,World,PA3,48
2024,Argentina,World,PA3,13053
2024,Armenia,World,PA3,17
2024,Australia,World,PA3,163069
2024,Austria,World,PA3,134163
2024,Azerbaijan,World,PA3,403
2024,Bahrain,World,PA3,571
2024,Bangladesh,World,PA3,2203
2024,Belarus,World,PA3,1371
2024,Belgium,World,PA3,187149
2024,Bhutan,World,PA3,6
2024,Bosnia and Herzegovina,World,PA3,69
2024,Brazil,World,PA3,106827
2024,Bulgaria,World,PA3,13311
2024,Chile,World,PA3,21079
2024,China,World,PA3,5688867
2024,"China, Hong Kong SAR",World,PA3,73249
2024,"China, Macao SAR",World,PA3,5777
2024,Colombia,World,PA3,9009
2024,Costa Rica,World,PA3,1462
2024,Croatia,World,PA3,13431
2024,Cuba,World,PA3,421
2024,Cyprus,World,PA3,10
2024,Czech Republic,World,PA3,50433
2024,Denmark,World,PA3,109551
2024,Dominican Republic,World,PA3,1194
2024,Ecuador,World,PA3,215
2024,Egypt,World,PA3,5107
2024,El Salvador,World,PA3,918
2024,Estonia,World,PA3,10684
2024,Ethiopia,World,PA3,322
2024,Finland,World,PA3,96416
2024,France,World,PA3,757026
2024,Georgia,World,PA3,836
2024,Germany,World,PA3,963941
2024,Ghana,World,PA3,3326
2024,Greece,World,PA3,27510
2024,Guatemala,World,PA3,218
2024,Honduras,World,PA3,446
2024,Hungary,World,PA3,35950
2024,Iceland,World,PA3,9501
2024,India,World,PA3,228402
2024,Iran (Islamic Republic of),World,PA3,44453
2024,Iraq,World,PA3,5141
2024,Ireland,World,PA3,198100
2024,Israel,World,PA3,41001
2024,Italy,World,PA3,382444
2024,Jamaica,World,PA3,451
2024,Japan,World,PA3,2085215
2024,Kazakhstan,World,PA3,2837
2024,Kuwait,World,PA3,74
2024,Kyrgyzstan,World,PA3,186
2024,Latvia,World,PA3,10493
2024,Lithuania,World,PA3,12414
2024,Luxembourg,World,PA3,163418
2024,Madagascar,World,PA3,232
2024,Malaysia,World,PA3,38168
2024,Malta,World,PA3,7385
2024,Mexico,World,PA3,111190
2024,Monaco,World,PA3,120437
2024,Mongolia,World,PA3,1656
2024,Morocco,World,PA3,4917
2024,Myanmar,World,PA3,4
2024,Namibia,World,PA3,415
2024,Netherlands (Kingdom of the),World,PA3,246254
2024,New Zealand,World,PA3,23867
2024,North Macedonia,World,PA3,5528
2024,Norway,World,PA3,55349
2024,Oman,World,PA3,355
2024,Pakistan,World,PA3,2157
2024,Panama,World,PA3,2076
2024,Paraguay,World,PA3,257
2024,Patent Office of the Cooperation Council for the Arab States of the Gulf,World,PA3,7155
2024,Peru,World,PA3,4539
2024,Philippines,World,PA3,15463
2024,Poland,World,PA3,111782
2024,Portugal,World,PA3,81509
2024,Qatar,World,PA3,569
2024,Republic of Korea,World,PA3,1312294
2024,Republic of Moldova,World,PA3,255
2024,Romania,World,PA3,27474
2024,Russian Federation,World,PA3,243943
2024,Saint Vincent and the Grenadines,World,PA3,20
2024,Sao Tome and Principe,World,PA3,153
2024,Saudi Arabia,World,PA3,14739
2024,Serbia,World,PA3,9368
2024,Singapore,World,PA3,49667
2024,Slovakia,World,PA3,21189
2024,Slovenia,World,PA3,18517
2024,South Africa,World,PA3,104012
2024,Spain,World,PA3,217849
2024,Sri Lanka,World,PA3,1007
2024,Sweden,World,PA3,152158
2024,Switzerland,World,PA3,268054
2024,Syrian Arab Republic,World,PA3,666
2024,Thailand,World,PA3,24635
2024,Trinidad and Tobago,World,PA3,830
2024,Türkiye,World,PA3,89401
2024,Uganda,World,PA3,17
2024,Ukraine,World,PA3,20445
2024,United Arab Emirates,World,PA3,4587
2024,United Kingdom,World,PA3,744130
2024,United States of America,World,PA3,3519879
2024,Uruguay,World,PA3,1138
2024,Uzbekistan,World,PA3,1255
2024,Venezuela (Bolivarian Republic of),World,PA3,208
2024,Viet Nam,World,PA3,23291
2024,Zambia,World,PA3,8562
2024,Zimbabwe,World,PA3,403
